run_id,robot,arm_id,step_idx,time_s,target_x,target_y,target_z,meas_x,meas_y,meas_z,dt
20260421_135152_roarm_1_ep01,roarm,roarm_1,1,0,210,-160,130,210.639975107244,-155.149458929092,132.655143413695,0.2
20260421_135152_roarm_1_ep01,roarm,roarm_1,2,0.2,215.833333333333,-146.666666666667,140,212.439548557492,-144.350321230774,138.789321048926,0.2
20260421_135152_roarm_1_ep01,roarm,roarm_1,3,0.4,221.666666666667,-133.333333333333,150,219.139842430248,-135.165265458015,146.839931053863,0.2
20260421_135152_roarm_1_ep01,roarm,roarm_1,4,0.6,227.5,-120,160,225.110069868092,-121.76297416182,157.940077978193,0.2
20260421_135152_roarm_1_ep01,roarm,roarm_1,5,0.8,233.333333333333,-106.666666666667,170,233.291493238069,-109.638764418092,165.613552146468,0.2
20260421_135152_roarm_1_ep01,roarm,roarm_1,6,1,239.166666666667,-93.3333333333333,180,238.693845741948,-95.1860453692718,176.69666728847,0.2
20260421_135152_roarm_1_ep01,roarm,roarm_1,7,1.2,245,-80,190,244.889755299938,-82.9126703985608,186.189838645053,0.2
20260421_135152_roarm_1_ep01,roarm,roarm_1,8,1.4,250.833333333333,-66.6666666666667,200,249.707430374208,-72.1299909618493,197.248076621677,0.2
20260421_135152_roarm_1_ep01,roarm,roarm_1,9,1.6,256.666666666667,-53.3333333333333,210,253.11162673605,-59.8913841776033,205.829130797578,0.2
20260421_135152_roarm_1_ep01,roarm,roarm_1,10,1.8,262.5,-40,220,255.608825433068,-43.085741503154,216.589789973086,0.2
20260421_135152_roarm_1_ep01,roarm,roarm_1,11,2,268.333333333333,-26.6666666666667,230,263.846796988138,-28.9392399939298,224.753590596521,0.2
20260421_135152_roarm_1_ep01,roarm,roarm_1,12,2.2,274.166666666667,-13.3333333333333,240,271.293014884551,-17.8091762291788,236.300296853868,0.2
20260421_135152_roarm_1_ep01,roarm,roarm_1,13,2.4,280,0,250,278.174151536908,-5.99176776219684,246.358746161448,0.2
20260421_135152_roarm_1_ep01,roarm,roarm_1,14,2.6,280,0,250,279.271393041682,-0.637851903076069,250.133441578044,0.2
20260421_135152_roarm_1_ep01,roarm,roarm_1,15,2.8,277.5,0,247.5,279.630844082687,-1.46361516917559,248.271526754498,0.2
20260421_135152_roarm_1_ep01,roarm,roarm_1,16,3,275,0,245,274.399501681833,-2.0560558821276,245.855515761651,0.2
20260421_135152_roarm_1_ep01,roarm,roarm_1,17,3.2,272.5,0,242.5,275.299648669604,-1.69646931696536,243.755883164434,0.2
20260421_135152_roarm_1_ep01,roarm,roarm_1,18,3.4,270,0,240,271.05859561892,1.22884975136849,239.90097575819,0.2
20260421_135152_roarm_1_ep01,roarm,roarm_1,19,3.6,267.5,0,237.5,268.486871817106,1.15271180930329,239.233500556425,0.2
20260421_135152_roarm_1_ep01,roarm,roarm_1,20,3.8,265,0,235,268.235447275221,0.432748233767687,234.624348320247,0.2
20260421_135152_roarm_1_ep01,roarm,roarm_1,21,4,262.5,0,232.5,262.898394731672,-1.47830140403418,235.41042936158,0.2
20260421_135152_roarm_1_ep01,roarm,roarm_1,22,4.2,260,0,230,259.840605734198,0.732439156180107,231.233755185102,0.2
20260421_135152_roarm_1_ep01,roarm,roarm_1,23,4.4,257.5,0,227.5,259.449892611123,-0.954204989438837,227.081938211879,0.2
20260421_135152_roarm_1_ep01,roarm,roarm_1,24,4.6,255,0,225,254.039415069577,0.480765160398086,225.371417797766,0.2
20260421_135152_roarm_1_ep01,roarm,roarm_1,25,4.8,252.5,0,222.5,252.611705175002,2.25569354635051,223.54848188781,0.2
20260421_135152_roarm_1_ep01,roarm,roarm_1,26,5,250,0,220,250.985154589929,2.9761429982452,220.130903713933,0.2
20260421_135152_roarm_1_ep01,roarm,roarm_1,27,5.2,250,0,220,251.304620554281,2.03713502456961,219.790790703983,0.2
20260421_135152_roarm_1_ep01,roarm,roarm_1,28,5.4,252.5,0,222.5,252.508406528752,-1.21178293479121,220.637907404115,0.2
20260421_135152_roarm_1_ep01,roarm,roarm_1,29,5.6,255,0,225,254.500535165656,0.763958534709063,226.435656128145,0.2
20260421_135152_roarm_1_ep01,roarm,roarm_1,30,5.8,257.5,0,227.5,255.709013647736,0.482373820256803,227.136947576037,0.2
20260421_135152_roarm_1_ep01,roarm,roarm_1,31,6,260,0,230,255.969373901073,-0.531296872380517,227.450628733313,0.2
20260421_135152_roarm_1_ep01,roarm,roarm_1,32,6.2,262.5,0,232.5,262.03910894485,-1.47209645854286,231.269093017957,0.2
20260421_135152_roarm_1_ep01,roarm,roarm_1,33,6.4,265,0,235,263.402724196604,0.0672407784718378,233.416217034824,0.2
20260421_135152_roarm_1_ep01,roarm,roarm_1,34,6.6,267.5,0,237.5,267.154917805915,1.12676916217656,238.135414280675,0.2
20260421_135152_roarm_1_ep01,roarm,roarm_1,35,6.8,270,0,240,268.958859172298,-2.91051977769311,238.668911793278,0.2
20260421_135152_roarm_1_ep01,roarm,roarm_1,36,7,272.5,0,242.5,273.59845690416,-2.3754376164055,242.45108998258,0.2
20260421_135152_roarm_1_ep01,roarm,roarm_1,37,7.2,275,0,245,274.816631950995,1.52888637662147,242.367214614728,0.2
20260421_135152_roarm_1_ep01,roarm,roarm_1,38,7.4,277.5,0,247.5,276.49612452281,-1.40875815450815,249.05502049261,0.2
20260421_135152_roarm_1_ep01,roarm,roarm_1,39,7.6,280,0,250,280.314216793242,1.69711334904938,248.692725848286,0.2
20260421_135152_roarm_1_ep01,roarm,roarm_1,40,7.8,280,0,250,279.379903275795,0.0386501079921313,250.753830892764,0.2
20260421_135152_roarm_1_ep02,roarm,roarm_1,41,8,300,-120,190,300.097333518973,-120.573341753416,188.800222720786,0.2
20260421_135152_roarm_1_ep02,roarm,roarm_1,42,8.2,298.333333333333,-110,195,300.489557151416,-112.261833510615,193.066690421911,0.2
20260421_135152_roarm_1_ep02,roarm,roarm_1,43,8.4,296.666666666667,-100,200,297.708704346904,-103.625177373899,196.422187069099,0.2
20260421_135152_roarm_1_ep02,roarm,roarm_1,44,8.6,295,-90,205,295.285530256452,-94.8386075294303,201.759706754955,0.2
20260421_135152_roarm_1_ep02,roarm,roarm_1,45,8.8,293.333333333333,-80,210,292.11332437181,-84.7117501423543,205.825246547489,0.2
20260421_135152_roarm_1_ep02,roarm,roarm_1,46,9,291.666666666667,-70,215,293.230748493407,-73.097885082015,212.561533395358,0.2
20260421_135152_roarm_1_ep02,roarm,roarm_1,47,9.2,290,-60,220,290.799459427791,-64.6498103998341,219.057926773176,0.2
20260421_135152_roarm_1_ep02,roarm,roarm_1,48,9.4,288.333333333333,-50,225,288.783570894803,-54.933443341015,224.785072271362,0.2
20260421_135152_roarm_1_ep02,roarm,roarm_1,49,9.6,286.666666666667,-40,230,286.88751997879,-44.8199564729861,228.331606377515,0.2
20260421_135152_roarm_1_ep02,roarm,roarm_1,50,9.8,285,-30,235,284.225655499088,-35.5866905651444,235.768230217402,0.2
20260421_135152_roarm_1_ep02,roarm,roarm_1,51,10,283.333333333333,-20,240,286.051793291835,-23.6473042868101,237.627399236791,0.2
20260421_135152_roarm_1_ep02,roarm,roarm_1,52,10.2,281.666666666667,-10,245,281.524371449504,-13.8621915243448,243.848019599977,0.2
20260421_135152_roarm_1_ep02,roarm,roarm_1,53,10.4,280,0,250,278.403813319542,-7.14883474753699,246.929258279971,0.2
20260421_135152_roarm_1_ep02,roarm,roarm_1,54,10.6,280,0,250,280.079516008731,-1.29738197366366,249.642240689636,0.2
20260421_135152_roarm_1_ep02,roarm,roarm_1,55,10.8,281.666666666667,10,245,281.052871315758,7.29757608733497,245.747528343613,0.2
20260421_135152_roarm_1_ep02,roarm,roarm_1,56,11,283.333333333333,20,240,284.025242489254,14.6091357031826,241.97006157906,0.2
20260421_135152_roarm_1_ep02,roarm,roarm_1,57,11.2,285,30,235,283.46999263991,25.4406818097853,237.390071630675,0.2
20260421_135152_roarm_1_ep02,roarm,roarm_1,58,11.4,286.666666666667,40,230,287.382668521982,34.4857473672454,233.208660441437,0.2
20260421_135152_roarm_1_ep02,roarm,roarm_1,59,11.6,288.333333333333,50,225,289.072955521324,45.8086890756875,226.968558202228,0.2
20260421_135152_roarm_1_ep02,roarm,roarm_1,60,11.8,290,60,220,289.4292242033,55.8045496222132,221.859937623325,0.2
20260421_135152_roarm_1_ep02,roarm,roarm_1,61,12,291.666666666667,70,215,291.153818770398,67.497214091469,218.335236611894,0.2
20260421_135152_roarm_1_ep02,roarm,roarm_1,62,12.2,293.333333333333,80,210,293.459191185589,76.3897314084545,212.8223348735,0.2
20260421_135152_roarm_1_ep02,roarm,roarm_1,63,12.4,295,90,205,294.86868810064,84.8677208349323,208.011166917169,0.2
20260421_135152_roarm_1_ep02,roarm,roarm_1,64,12.6,296.666666666667,100,200,296.653317540989,96.2139369320691,202.626967007858,0.2
20260421_135152_roarm_1_ep02,roarm,roarm_1,65,12.8,298.333333333333,110,195,298.282595464565,104.953804572977,196.848109002971,0.2
20260421_135152_roarm_1_ep02,roarm,roarm_1,66,13,300,120,190,299.328215127975,115.235848880694,193.487245529351,0.2
20260421_135152_roarm_1_ep02,roarm,roarm_1,67,13.2,300,120,190,298.509325411065,118.018460824235,190.207223392416,0.2
20260421_135152_roarm_1_ep02,roarm,roarm_1,68,13.4,300,120,190,297.84574394731,119.189312667895,189.780553263259,0.2
20260421_135152_roarm_1_ep02,roarm,roarm_1,69,13.6,300,120,190,301.727253041378,119.41276802558,188.877941055337,0.2
20260421_135152_roarm_1_ep02,roarm,roarm_1,70,13.8,300,120,190,302.860484905689,121.697226052469,189.474602022426,0.2
20260421_135152_roarm_1_ep02,roarm,roarm_1,71,14,300,120,190,298.494776078793,119.780442205496,189.705565561015,0.2
20260421_135152_roarm_1_ep02,roarm,roarm_1,72,14.2,300,120,190,300.017329663044,119.550379725053,190.365809837425,0.2
20260421_135152_roarm_1_ep02,roarm,roarm_1,73,14.4,300,120,190,300.592409363732,118.005463022046,189.148465503908,0.2
20260421_135152_roarm_1_ep02,roarm,roarm_1,74,14.6,300,120,190,299.044498271962,118.712519435328,189.454962437223,0.2
20260421_135152_roarm_1_ep02,roarm,roarm_1,75,14.8,300,120,190,299.766836041067,115.116857795667,189.399315017415,0.2
20260421_135152_roarm_1_ep02,roarm,roarm_1,76,15,300,120,190,301.8022112573,117.112765591448,190.775389320353,0.2
20260421_135152_roarm_1_ep02,roarm,roarm_1,77,15.2,300,120,190,301.000539231738,119.195424627273,190.386842573276,0.2
20260421_135152_roarm_1_ep02,roarm,roarm_1,78,15.4,300,120,190,297.916155256833,119.661107014624,191.70591694582,0.2
20260421_135152_roarm_1_ep02,roarm,roarm_1,79,15.6,300,120,190,299.598226151384,119.972729199162,189.715505712084,0.2
20260421_135152_roarm_1_ep02,roarm,roarm_1,80,15.8,300,120,190,299.847872968316,120.341332013882,190.351395677304,0.2
20260421_135152_roarm_1_ep03,roarm,roarm_1,81,16,300,-120,190,298.385266538949,-120.751580608188,189.98554900622,0.2
20260421_135152_roarm_1_ep03,roarm,roarm_1,82,16.2,300,-120,190,300.208434417678,-122.703415544157,190.467825085813,0.2
20260421_135152_roarm_1_ep03,roarm,roarm_1,83,16.4,300,-120,190,298.235671916473,-120.613327527941,190.77567324242,0.2
20260421_135152_roarm_1_ep03,roarm,roarm_1,84,16.6,300,-120,190,300.025518117251,-118.537721124738,191.210542357634,0.2
20260421_135152_roarm_1_ep03,roarm,roarm_1,85,16.8,300,-120,190,299.030364897781,-119.228963237203,189.374717694636,0.2
20260421_135152_roarm_1_ep03,roarm,roarm_1,86,17,300,-120,190,297.76172417995,-118.409518015704,189.835227222867,0.2
20260421_135152_roarm_1_ep03,roarm,roarm_1,87,17.2,300,-120,190,299.327618527607,-118.214062602234,190.551150064917,0.2
20260421_135152_roarm_1_ep03,roarm,roarm_1,88,17.4,300,-120,190,300.348063928967,-117.653855170638,191.075071038342,0.2
20260421_135152_roarm_1_ep03,roarm,roarm_1,89,17.6,300,-120,190,300.451393541145,-120.417104592042,189.631832007228,0.2
20260421_135152_roarm_1_ep03,roarm,roarm_1,90,17.8,300,-120,190,301.907138851407,-122.527693159774,189.878490034124,0.2
20260421_135152_roarm_1_ep03,roarm,roarm_1,91,18,300,-120,190,297.579445577872,-119.135545661272,190.829686623136,0.2
20260421_135152_roarm_1_ep03,roarm,roarm_1,92,18.2,300,-120,190,299.363691906899,-119.87838813002,187.732419098688,0.2
20260421_135152_roarm_1_ep03,roarm,roarm_1,93,18.4,300,-120,190,300.704029491713,-123.256595839061,187.082991857325,0.2
20260421_135152_roarm_1_ep03,roarm,roarm_1,94,18.6,300,-120,190,300.305480724612,-122.281150818532,189.642575623154,0.2
20260421_135152_roarm_1_ep03,roarm,roarm_1,95,18.8,298.333333333333,-110,195,299.868652450143,-111.950677390725,192.896639141209,0.2
20260421_135152_roarm_1_ep03,roarm,roarm_1,96,19,296.666666666667,-100,200,298.184767390229,-102.999214333267,198.953644405089,0.2
20260421_135152_roarm_1_ep03,roarm,roarm_1,97,19.2,295,-90,205,296.643731189517,-92.0797230570244,203.274260101227,0.2
20260421_135152_roarm_1_ep03,roarm,roarm_1,98,19.4,293.333333333333,-80,210,293.985142550021,-81.672520319104,206.103458748557,0.2
20260421_135152_roarm_1_ep03,roarm,roarm_1,99,19.6,291.666666666667,-70,215,291.520930666038,-74.9827346254265,212.272312384283,0.2
20260421_135152_roarm_1_ep03,roarm,roarm_1,100,19.8,290,-60,220,291.373931863913,-62.7108152445472,216.948060017565,0.2
20260421_135152_roarm_1_ep03,roarm,roarm_1,101,20,288.333333333333,-50,225,288.428221535128,-53.1449972103853,222.585668288597,0.2
20260421_135152_roarm_1_ep03,roarm,roarm_1,102,20.2,286.666666666667,-40,230,287.583735321519,-42.8650872307631,227.115641820893,0.2
20260421_135152_roarm_1_ep03,roarm,roarm_1,103,20.4,285,-30,235,285.415819837507,-36.5893420743806,234.067067458627,0.2
20260421_135152_roarm_1_ep03,roarm,roarm_1,104,20.6,283.333333333333,-20,240,282.938634674507,-26.1786780550329,238.182151278038,0.2
20260421_135152_roarm_1_ep03,roarm,roarm_1,105,20.8,281.666666666667,-10,245,279.85898349636,-14.2959396603548,242.642169592257,0.2
20260421_135152_roarm_1_ep03,roarm,roarm_1,106,21,280,0,250,283.22949651699,-2.06067070015024,245.563610458593,0.2
20260421_135152_roarm_1_ep03,roarm,roarm_1,107,21.2,280,0,250,281.513276437025,-2.64039371287515,248.575525233438,0.2
20260421_135152_roarm_1_ep03,roarm,roarm_1,108,21.4,277.5,0,247.5,278.804494293245,0.425600816999538,247.510458424103,0.2
20260421_135152_roarm_1_ep03,roarm,roarm_1,109,21.6,275,0,245,278.367304027496,-0.609218570327475,245.989261776782,0.2
20260421_135152_roarm_1_ep03,roarm,roarm_1,110,21.8,272.5,0,242.5,275.043705731044,-0.0328053825435365,244.300712203877,0.2
20260421_135152_roarm_1_ep03,roarm,roarm_1,111,22,270,0,240,271.814326102973,-1.1848666804494,239.328282077415,0.2
20260421_135152_roarm_1_ep03,roarm,roarm_1,112,22.2,267.5,0,237.5,271.425133436475,-1.21912259917683,238.085289645586,0.2
20260421_135152_roarm_1_ep03,roarm,roarm_1,113,22.4,265,0,235,267.538397218585,-0.150961733054216,234.908547308036,0.2
20260421_135152_roarm_1_ep03,roarm,roarm_1,114,22.6,262.5,0,232.5,263.126535213832,-0.227128001632742,234.613844668919,0.2
20260421_135152_roarm_1_ep03,roarm,roarm_1,115,22.8,260,0,230,259.532922199574,1.1171324097154,231.524819390386,0.2
20260421_135152_roarm_1_ep03,roarm,roarm_1,116,23,257.5,0,227.5,257.685082410626,-1.29098621284289,228.276789918112,0.2
20260421_135152_roarm_1_ep03,roarm,roarm_1,117,23.2,255,0,225,255.577744615357,-2.54439288278178,226.055934689492,0.2
20260421_135152_roarm_1_ep03,roarm,roarm_1,118,23.4,252.5,0,222.5,252.077844758024,-0.812055564082887,223.773547548431,0.2
20260421_135152_roarm_1_ep03,roarm,roarm_1,119,23.6,250,0,220,249.190732842794,-0.646440064491746,221.344759091844,0.2
20260421_135152_roarm_1_ep03,roarm,roarm_1,120,23.8,250,0,220,247.032890779633,1.38356411140485,222.778935793005,0.2
20260421_135152_roarm_1_ep04,roarm,roarm_1,121,24,210,-160,130,209.428688548795,-159.148125815622,129.649247809448,0.2
20260421_135152_roarm_1_ep04,roarm,roarm_1,122,24.2,217.5,-156.666666666667,135,214.905281272801,-158.175787071646,132.563823420175,0.2
20260421_135152_roarm_1_ep04,roarm,roarm_1,123,24.4,225,-153.333333333333,140,220.975942653116,-154.924636281294,136.340981050862,0.2
20260421_135152_roarm_1_ep04,roarm,roarm_1,124,24.6,232.5,-150,145,230.373692327649,-151.474817463912,143.416667719762,0.2
20260421_135152_roarm_1_ep04,roarm,roarm_1,125,24.8,240,-146.666666666667,150,237.867005809522,-147.19265087338,146.781531429148,0.2
20260421_135152_roarm_1_ep04,roarm,roarm_1,126,25,247.5,-143.333333333333,155,243.43037372138,-145.021130908086,152.943293796357,0.2
20260421_135152_roarm_1_ep04,roarm,roarm_1,127,25.2,255,-140,160,253.64338430193,-141.758500298676,159.401423158337,0.2
20260421_135152_roarm_1_ep04,roarm,roarm_1,128,25.4,262.5,-136.666666666667,165,260.878558666159,-136.247684312585,163.65117823506,0.2
20260421_135152_roarm_1_ep04,roarm,roarm_1,129,25.6,270,-133.333333333333,170,266.610390275487,-136.323646518297,168.481957748259,0.2
20260421_135152_roarm_1_ep04,roarm,roarm_1,130,25.8,277.5,-130,175,275.857357094203,-132.10577732093,172.741076299835,0.2
20260421_135152_roarm_1_ep04,roarm,roarm_1,131,26,285,-126.666666666667,180,282.127062772298,-129.745290621313,177.59355867152,0.2
20260421_135152_roarm_1_ep04,roarm,roarm_1,132,26.2,292.5,-123.333333333333,185,289.494614398301,-124.954745265595,182.983900142168,0.2
20260421_135152_roarm_1_ep04,roarm,roarm_1,133,26.4,300,-120,190,298.147813211688,-121.142080131441,189.964591607022,0.2
20260421_135152_roarm_1_ep04,roarm,roarm_1,134,26.6,300,-120,190,299.979804605839,-117.59430839656,189.267544969375,0.2
20260421_135152_roarm_1_ep04,roarm,roarm_1,135,26.8,292.5,-96.6666666666667,185,295.261475644388,-102.573509426737,186.725055149516,0.2
20260421_135152_roarm_1_ep04,roarm,roarm_1,136,27,285,-73.3333333333333,180,288.595791806178,-84.3199924886768,180.445662141563,0.2
20260421_135152_roarm_1_ep04,roarm,roarm_1,137,27.2,277.5,-50,175,278.263298568778,-58.4438850546087,177.90566223651,0.2
20260421_135152_roarm_1_ep04,roarm,roarm_1,138,27.4,270,-26.6666666666667,170,271.687960510947,-33.8245659840455,172.62945004398,0.2
20260421_135152_roarm_1_ep04,roarm,roarm_1,139,27.6,262.5,-3.33333333333331,165,263.344471631525,-10.7745345039889,166.259206458308,0.2
20260421_135152_roarm_1_ep04,roarm,roarm_1,140,27.8,255,20,160,259.473979186127,11.8390710141131,163.285908566564,0.2
20260421_135152_roarm_1_ep04,roarm,roarm_1,141,28,247.5,43.3333333333333,155,250.018718909405,35.9156859689983,157.121350559116,0.2
20260421_135152_roarm_1_ep04,roarm,roarm_1,142,28.2,240,66.6666666666667,150,239.607967237027,57.0875988718407,152.489678925069,0.2
20260421_135152_roarm_1_ep04,roarm,roarm_1,143,28.4,232.5,90,145,234.291310626518,79.6462872504213,146.347879391187,0.2
20260421_135152_roarm_1_ep04,roarm,roarm_1,144,28.6,225,113.333333333333,140,227.823439501339,102.963995884481,142.648233065432,0.2
20260421_135152_roarm_1_ep04,roarm,roarm_1,145,28.8,217.5,136.666666666667,135,219.260164847975,130.496033032405,135.936186096951,0.2
20260421_135152_roarm_1_ep04,roarm,roarm_1,146,29,210,160,130,212.739737118519,149.941298901628,130.84113054119,0.2
20260421_135152_roarm_1_ep04,roarm,roarm_1,147,29.2,210,160,130,209.832311391115,157.950559687036,131.163852922676,0.2
20260421_135152_roarm_1_ep04,roarm,roarm_1,148,29.4,213.333333333333,146.666666666667,137.5,212.861202920278,149.081462585693,136.64529827183,0.2
20260421_135152_roarm_1_ep04,roarm,roarm_1,149,29.6,216.666666666667,133.333333333333,145,216.86188780215,137.664803057867,143.368972164358,0.2
20260421_135152_roarm_1_ep04,roarm,roarm_1,150,29.8,220,120,152.5,219.791996621028,123.175948706404,150.852655520385,0.2
20260421_135152_roarm_1_ep04,roarm,roarm_1,151,30,223.333333333333,106.666666666667,160,221.414045162218,110.112588442623,157.765732996144,0.2
20260421_135152_roarm_1_ep04,roarm,roarm_1,152,30.2,226.666666666667,93.3333333333333,167.5,224.820835465695,97.5585664304818,165.529432750013,0.2
20260421_135152_roarm_1_ep04,roarm,roarm_1,153,30.4,230,80,175,230.205036227385,84.3314499115721,172.831263740478,0.2
20260421_135152_roarm_1_ep04,roarm,roarm_1,154,30.6,233.333333333333,66.6666666666667,182.5,232.151270912145,71.6674483152889,180.391346697617,0.2
20260421_135152_roarm_1_ep04,roarm,roarm_1,155,30.8,236.666666666667,53.3333333333333,190,234.551122374981,58.578408752829,188.068288520814,0.2
20260421_135152_roarm_1_ep04,roarm,roarm_1,156,31,240,40,197.5,238.702153378961,47.4919774653484,194.405270401815,0.2
20260421_135152_roarm_1_ep04,roarm,roarm_1,157,31.2,243.333333333333,26.6666666666667,205,241.006977893715,29.5313400339883,203.117742178456,0.2
20260421_135152_roarm_1_ep04,roarm,roarm_1,158,31.4,246.666666666667,13.3333333333333,212.5,246.475412732912,17.4832422842183,210.925339678554,0.2
20260421_135152_roarm_1_ep04,roarm,roarm_1,159,31.6,250,0,220,249.346484017993,5.04471783343048,217.720890226916,0.2
20260421_135152_roarm_1_ep04,roarm,roarm_1,160,31.8,250,0,220,250.487663340739,1.48226684904416,222.186568414177,0.2
20260421_135152_roarm_1_ep05,roarm,roarm_1,161,32,300,120,190,300.640554399162,120.517287039107,190.693624163683,0.2
20260421_135152_roarm_1_ep05,roarm,roarm_1,162,32.2,295.833333333333,110,192.5,299.767886897512,114.606920591851,190.740588394581,0.2
20260421_135152_roarm_1_ep05,roarm,roarm_1,163,32.4,291.666666666667,100,195,290.308693360338,105.203239665123,192.041592607019,0.2
20260421_135152_roarm_1_ep05,roarm,roarm_1,164,32.6,287.5,90,197.5,288.340498898785,94.0607496945703,198.288347510708,0.2
20260421_135152_roarm_1_ep05,roarm,roarm_1,165,32.8,283.333333333333,80,200,284.549386465425,82.9453887823286,199.78462297495,0.2
20260421_135152_roarm_1_ep05,roarm,roarm_1,166,33,279.166666666667,70,202.5,280.954243478739,73.5174352489424,201.175653877212,0.2
20260421_135152_roarm_1_ep05,roarm,roarm_1,167,33.2,275,60,205,274.73563147036,64.0379077874825,202.649044070247,0.2
20260421_135152_roarm_1_ep05,roarm,roarm_1,168,33.4,270.833333333333,50,207.5,270.31369143822,55.6971761455103,205.802398704762,0.2
20260421_135152_roarm_1_ep05,roarm,roarm_1,169,33.6,266.666666666667,40,210,267.417529376001,45.4874642018008,208.593413306009,0.2
20260421_135152_roarm_1_ep05,roarm,roarm_1,170,33.8,262.5,30,212.5,265.340295238268,33.5648522829135,212.483036791926,0.2
20260421_135152_roarm_1_ep05,roarm,roarm_1,171,34,258.333333333333,20,215,261.124350315757,23.256133616777,213.470838393249,0.2
20260421_135152_roarm_1_ep05,roarm,roarm_1,172,34.2,254.166666666667,10,217.5,254.436029712475,13.0891756648899,215.999783175852,0.2
20260421_135152_roarm_1_ep05,roarm,roarm_1,173,34.4,250,0,220,250.55631326461,4.92558709836734,218.647857149303,0.2
20260421_135152_roarm_1_ep05,roarm,roarm_1,174,34.6,250,0,220,251.862160950604,0.500940486408773,220.616144742241,0.2
20260421_135152_roarm_1_ep05,roarm,roarm_1,175,34.8,250,0,220,249.7074845698,0.396913170547127,221.133151814275,0.2
20260421_135152_roarm_1_ep05,roarm,roarm_1,176,35,250,0,220,249.301935357283,-0.55278060147069,222.302086186156,0.2
20260421_135152_roarm_1_ep05,roarm,roarm_1,177,35.2,250,0,220,251.242482407284,-0.793717150145235,221.25576406773,0.2
20260421_135152_roarm_1_ep05,roarm,roarm_1,178,35.4,250,0,220,249.787400354988,0.849605959772469,221.746864882839,0.2
20260421_135152_roarm_1_ep05,roarm,roarm_1,179,35.6,250,0,220,247.537185839115,1.76723330302513,221.918436364453,0.2
20260421_135152_roarm_1_ep05,roarm,roarm_1,180,35.8,250,0,220,249.422016220392,3.08522270623786,220.661081849528,0.2
20260421_135152_roarm_1_ep05,roarm,roarm_1,181,36,250,0,220,247.991965602824,-2.47698554243795,219.840852216332,0.2
20260421_135152_roarm_1_ep05,roarm,roarm_1,182,36.2,250,0,220,250.541002833513,-0.17681470028893,220.371659489981,0.2
20260421_135152_roarm_1_ep05,roarm,roarm_1,183,36.4,250,0,220,249.27697842317,0.169394853133745,218.459302647979,0.2
20260421_135152_roarm_1_ep05,roarm,roarm_1,184,36.6,250,0,220,248.669278583599,-1.1835376458778,220.113605475438,0.2
20260421_135152_roarm_1_ep05,roarm,roarm_1,185,36.8,250,0,220,249.627985554361,-2.04527118873647,220.020421162102,0.2
20260421_135152_roarm_1_ep05,roarm,roarm_1,186,37,250,0,220,248.867222250344,-1.53917636242323,220.869532381052,0.2
20260421_135152_roarm_1_ep05,roarm,roarm_1,187,37.2,250,0,220,249.87153218141,0.191821785058853,221.113176137379,0.2
20260421_135152_roarm_1_ep05,roarm,roarm_1,188,37.4,250,0,220,250.23652279166,0.876845456655969,220.976394320144,0.2
20260421_135152_roarm_1_ep05,roarm,roarm_1,189,37.6,250,0,220,251.818259721034,0.944924833861805,221.669607434907,0.2
20260421_135152_roarm_1_ep05,roarm,roarm_1,190,37.8,250,0,220,250.51320078528,0.177275366610141,222.141438395893,0.2
20260421_135152_roarm_1_ep05,roarm,roarm_1,191,38,250,0,220,249.370710689127,0.0424468390803677,221.484344112415,0.2
20260421_135152_roarm_1_ep05,roarm,roarm_1,192,38.2,250,0,220,250.058834237556,2.11858903381911,221.425390399581,0.2
20260421_135152_roarm_1_ep05,roarm,roarm_1,193,38.4,250,0,220,250.452863969799,-0.608093801309326,220.942424927567,0.2
20260421_135152_roarm_1_ep05,roarm,roarm_1,194,38.6,250,0,220,248.045441907174,0.20642022765378,221.056859316963,0.2
20260421_135152_roarm_1_ep05,roarm,roarm_1,195,38.8,250,0,220,249.804346628076,1.37392752760897,222.317461342756,0.2
20260421_135152_roarm_1_ep05,roarm,roarm_1,196,39,250,0,220,251.334325004131,0.762539534149882,221.252537684066,0.2
20260421_135152_roarm_1_ep05,roarm,roarm_1,197,39.2,250,0,220,250.989952285843,-1.77108201632832,219.913754129203,0.2
20260421_135152_roarm_1_ep05,roarm,roarm_1,198,39.4,250,0,220,252.097980326597,-0.532228459191874,220.559689112731,0.2
20260421_135152_roarm_1_ep05,roarm,roarm_1,199,39.6,250,0,220,249.043271497985,-0.0435187852000642,220.747824397536,0.2
20260421_135152_roarm_1_ep05,roarm,roarm_1,200,39.8,250,0,220,247.705536672618,0.509917520707087,220.015281152544,0.2
20260421_135152_roarm_1_ep06,roarm,roarm_1,201,40,250,0,220,246.94650788307,0.0406899467009486,218.096608315348,0.2
20260421_135152_roarm_1_ep06,roarm,roarm_1,202,40.2,254.166666666667,-10,217.5,252.428781748404,-6.17270285080531,217.655037458188,0.2
20260421_135152_roarm_1_ep06,roarm,roarm_1,203,40.4,258.333333333333,-20,215,256.916573573778,-16.9223996284812,214.217184164509,0.2
20260421_135152_roarm_1_ep06,roarm,roarm_1,204,40.6,262.5,-30,212.5,260.962496895131,-25.1115441511233,214.690889763996,0.2
20260421_135152_roarm_1_ep06,roarm,roarm_1,205,40.8,266.666666666667,-40,210,264.517754475924,-38.5164297519784,211.402852609466,0.2
20260421_135152_roarm_1_ep06,roarm,roarm_1,206,41,270.833333333333,-50,207.5,269.732963686652,-47.31338944433,207.379868488724,0.2
20260421_135152_roarm_1_ep06,roarm,roarm_1,207,41.2,275,-60,205,276.648123200766,-60.1951310315743,205.117354476919,0.2
20260421_135152_roarm_1_ep06,roarm,roarm_1,208,41.4,279.166666666667,-70,202.5,276.52034743062,-68.3696569748134,203.50777856861,0.2
20260421_135152_roarm_1_ep06,roarm,roarm_1,209,41.6,283.333333333333,-80,200,281.74452170903,-78.0003774754734,201.701643918549,0.2
20260421_135152_roarm_1_ep06,roarm,roarm_1,210,41.8,287.5,-90,197.5,286.916463280271,-85.8658625172917,198.181909630651,0.2
20260421_135152_roarm_1_ep06,roarm,roarm_1,211,42,291.666666666667,-100,195,291.98739778935,-95.2832211802731,198.347514745567,0.2
20260421_135152_roarm_1_ep06,roarm,roarm_1,212,42.2,295.833333333333,-110,192.5,296.414745189123,-104.385316740847,194.094366979347,0.2
20260421_135152_roarm_1_ep06,roarm,roarm_1,213,42.4,300,-120,190,297.122358088027,-116.44084605155,190.321471501652,0.2
20260421_135152_roarm_1_ep06,roarm,roarm_1,214,42.6,300,-120,190,298.395508451941,-118.229109365073,189.527960903871,0.2
20260421_135152_roarm_1_ep06,roarm,roarm_1,215,42.8,300,-100,190,298.234390916577,-105.419132641483,189.714685078443,0.2
20260421_135152_roarm_1_ep06,roarm,roarm_1,216,43,300,-80,190,300.148592144262,-88.1293646133589,190.242109275541,0.2
20260421_135152_roarm_1_ep06,roarm,roarm_1,217,43.2,300,-60,190,300.156198585441,-65.4282418353549,189.850648825722,0.2
20260421_135152_roarm_1_ep06,roarm,roarm_1,218,43.4,300,-40,190,299.839455533267,-48.4598455019946,188.575368774691,0.2
20260421_135152_roarm_1_ep06,roarm,roarm_1,219,43.6,300,-20,190,300.42344341593,-27.8761674222524,190.128215341876,0.2
20260421_135152_roarm_1_ep06,roarm,roarm_1,220,43.8,300,0,190,298.772626367377,-4.48530945860326,190.156027897686,0.2
20260421_135152_roarm_1_ep06,roarm,roarm_1,221,44,300,20,190,301.247017723389,13.2053622018483,189.878626565748,0.2
20260421_135152_roarm_1_ep06,roarm,roarm_1,222,44.2,300,40,190,301.363788149852,33.7706453166779,188.847751308599,0.2
20260421_135152_roarm_1_ep06,roarm,roarm_1,223,44.4,300,60,190,298.060451132403,51.439215516543,188.280497220981,0.2
20260421_135152_roarm_1_ep06,roarm,roarm_1,224,44.6,300,80,190,299.578096352115,71.8545825595223,189.178733255428,0.2
20260421_135152_roarm_1_ep06,roarm,roarm_1,225,44.8,300,100,190,297.847342711766,93.7502996547201,190.222927548055,0.2
20260421_135152_roarm_1_ep06,roarm,roarm_1,226,45,300,120,190,299.298131973866,114.61242428961,189.184783598646,0.2
20260421_135152_roarm_1_ep06,roarm,roarm_1,227,45.2,300,120,190,300.437040036548,119.102512261288,190.134365706322,0.2
20260421_135152_roarm_1_ep06,roarm,roarm_1,228,45.4,295.833333333333,110,192.5,295.952986343581,112.889656554883,191.361543937431,0.2
20260421_135152_roarm_1_ep06,roarm,roarm_1,229,45.6,291.666666666667,100,195,291.451859040797,101.592774299539,195.078729034232,0.2
20260421_135152_roarm_1_ep06,roarm,roarm_1,230,45.8,287.5,90,197.5,287.272782414887,92.7964513617914,195.653107848081,0.2
20260421_135152_roarm_1_ep06,roarm,roarm_1,231,46,283.333333333333,80,200,283.92607063699,78.5250512630953,197.767212439595,0.2
20260421_135152_roarm_1_ep06,roarm,roarm_1,232,46.2,279.166666666667,70,202.5,278.281577693161,70.7255029636838,201.03918355546,0.2
20260421_135152_roarm_1_ep06,roarm,roarm_1,233,46.4,275,60,205,275.376992817881,65.7438085740282,203.384166902268,0.2
20260421_135152_roarm_1_ep06,roarm,roarm_1,234,46.6,270.833333333333,50,207.5,271.65598055298,51.7960496776446,205.937695510782,0.2
20260421_135152_roarm_1_ep06,roarm,roarm_1,235,46.8,266.666666666667,40,210,265.974870547917,43.1548534717803,209.782274930006,0.2
20260421_135152_roarm_1_ep06,roarm,roarm_1,236,47,262.5,30,212.5,264.022346129417,32.4166514073657,210.153072556617,0.2
20260421_135152_roarm_1_ep06,roarm,roarm_1,237,47.2,258.333333333333,20,215,262.022960602799,26.348057875369,213.842864396969,0.2
20260421_135152_roarm_1_ep06,roarm,roarm_1,238,47.4,254.166666666667,10,217.5,254.752710858095,16.1059584811699,215.943333303171,0.2
20260421_135152_roarm_1_ep06,roarm,roarm_1,239,47.6,250,0,220,250.548086935649,5.57505062785613,217.545454467316,0.2
20260421_135152_roarm_1_ep06,roarm,roarm_1,240,47.8,250,0,220,247.209343216328,2.10059294065504,219.753726820357,0.2
20260421_135152_roarm_2_ep01,roarm,roarm_2,1,0,210,160,130,209.016876179865,158.530300794385,130.692638450282,0.2
20260421_135152_roarm_2_ep01,roarm,roarm_2,2,0.2,210,133.333333333333,130,209.21041747565,140.044833635293,129.389630011041,0.2
20260421_135152_roarm_2_ep01,roarm,roarm_2,3,0.4,210,106.666666666667,130,207.466096594106,115.722435488049,129.776969092914,0.2
20260421_135152_roarm_2_ep01,roarm,roarm_2,4,0.6,210,80,130,211.130612129883,90.6188878666642,130.99451427033,0.2
20260421_135152_roarm_2_ep01,roarm,roarm_2,5,0.8,210,53.3333333333334,130,209.174710992941,61.7572090557032,128.993064342606,0.2
20260421_135152_roarm_2_ep01,roarm,roarm_2,6,1,210,26.6666666666666,130,210.529427114191,40.1000549068112,130.46214667936,0.2
20260421_135152_roarm_2_ep01,roarm,roarm_2,7,1.2,210,0,130,208.979959318913,11.8252103434332,128.993490231985,0.2
20260421_135152_roarm_2_ep01,roarm,roarm_2,8,1.4,210,-26.6666666666667,130,207.594415058579,-15.4441545728408,128.95678138548,0.2
20260421_135152_roarm_2_ep01,roarm,roarm_2,9,1.6,210,-53.3333333333333,130,209.83987351501,-41.2360515393971,130.126135194515,0.2
20260421_135152_roarm_2_ep01,roarm,roarm_2,10,1.8,210,-80,130,211.35228154345,-72.1906374306507,130.694785120413,0.2
20260421_135152_roarm_2_ep01,roarm,roarm_2,11,2,210,-106.666666666667,130,213.564210925523,-96.767174906333,128.642266187488,0.2
20260421_135152_roarm_2_ep01,roarm,roarm_2,12,2.2,210,-133.333333333333,130,210.634801607376,-124.444546452759,130.02512916548,0.2
20260421_135152_roarm_2_ep01,roarm,roarm_2,13,2.4,210,-160,130,210.785384954143,-150.019445374766,129.642843225223,0.2
20260421_135152_roarm_2_ep01,roarm,roarm_2,14,2.6,210,-160,130,209.308117166168,-158.253537851108,130.759395330375,0.2
20260421_135152_roarm_2_ep01,roarm,roarm_2,15,2.8,210,-160,130,207.038109557961,-159.850592315196,130.470552638475,0.2
20260421_135152_roarm_2_ep01,roarm,roarm_2,16,3,210,-160,130,208.240097637978,-159.244775634362,130.052716678807,0.2
20260421_135152_roarm_2_ep01,roarm,roarm_2,17,3.2,210,-160,130,208.128642841605,-159.558879716606,129.745713083751,0.2
20260421_135152_roarm_2_ep01,roarm,roarm_2,18,3.4,210,-160,130,208.89190663702,-160.950706021522,129.994416180201,0.2
20260421_135152_roarm_2_ep01,roarm,roarm_2,19,3.6,210,-160,130,206.938715906605,-160.84810306568,129.454979999469,0.2
20260421_135152_roarm_2_ep01,roarm,roarm_2,20,3.8,210,-160,130,207.825206517589,-159.244509654448,129.122063029053,0.2
20260421_135152_roarm_2_ep01,roarm,roarm_2,21,4,210,-160,130,210.237680296765,-158.337093580166,129.611707912285,0.2
20260421_135152_roarm_2_ep01,roarm,roarm_2,22,4.2,210,-160,130,210.479350828599,-158.602386672111,129.816669301865,0.2
20260421_135152_roarm_2_ep01,roarm,roarm_2,23,4.4,210,-160,130,210.937660722218,-161.525440393518,131.062098393313,0.2
20260421_135152_roarm_2_ep01,roarm,roarm_2,24,4.6,210,-160,130,208.762820664298,-163.145355623403,131.664464608229,0.2
20260421_135152_roarm_2_ep01,roarm,roarm_2,25,4.8,210,-160,130,209.579792876711,-160.155725060657,130.075489634756,0.2
20260421_135152_roarm_2_ep01,roarm,roarm_2,26,5,210,-160,130,208.358359515189,-164.650531489253,130.646177849378,0.2
20260421_135152_roarm_2_ep01,roarm,roarm_2,27,5.2,210,-160,130,209.137241466572,-161.52188115156,130.57593600445,0.2
20260421_135152_roarm_2_ep01,roarm,roarm_2,28,5.4,210,-160,130,207.643556628901,-161.495331373078,131.299142924096,0.2
20260421_135152_roarm_2_ep01,roarm,roarm_2,29,5.6,210,-160,130,210.275645220569,-162.316086959117,128.139186114625,0.2
20260421_135152_roarm_2_ep01,roarm,roarm_2,30,5.8,210,-160,130,209.215789811591,-160.289519175976,130.451871718552,0.2
20260421_135152_roarm_2_ep01,roarm,roarm_2,31,6,210,-160,130,209.933872674654,-161.759784008509,130.425269910374,0.2
20260421_135152_roarm_2_ep01,roarm,roarm_2,32,6.2,210,-160,130,208.224066724958,-161.905323873651,129.458364914943,0.2
20260421_135152_roarm_2_ep01,roarm,roarm_2,33,6.4,210,-160,130,207.687778597716,-160.908685615223,128.957276474333,0.2
20260421_135152_roarm_2_ep01,roarm,roarm_2,34,6.6,210,-160,130,208.961975849265,-160.93315924415,129.315355848048,0.2
20260421_135152_roarm_2_ep01,roarm,roarm_2,35,6.8,210,-160,130,208.971071328373,-158.396032437198,130.429834978492,0.2
20260421_135152_roarm_2_ep01,roarm,roarm_2,36,7,210,-160,130,209.817385579413,-161.777618836457,128.487500003796,0.2
20260421_135152_roarm_2_ep01,roarm,roarm_2,37,7.2,210,-160,130,207.004734738268,-156.56078161164,130.573684140804,0.2
20260421_135152_roarm_2_ep01,roarm,roarm_2,38,7.4,210,-160,130,209.595928103666,-160.554792564494,129.004857111811,0.2
20260421_135152_roarm_2_ep01,roarm,roarm_2,39,7.6,210,-160,130,210.714947061254,-157.798615754625,128.044339521336,0.2
20260421_135152_roarm_2_ep01,roarm,roarm_2,40,7.8,210,-160,130,209.51436195946,-159.546159522156,127.492496317095,0.2
20260421_135152_roarm_2_ep02,roarm,roarm_2,41,8,210,-160,130,208.40870456402,-159.862848271483,131.13712720138,0.2
20260421_135152_roarm_2_ep02,roarm,roarm_2,42,8.2,217.5,-156.666666666667,135,214.21309789855,-156.854607903251,133.477395304853,0.2
20260421_135152_roarm_2_ep02,roarm,roarm_2,43,8.4,225,-153.333333333333,140,222.309765046879,-152.46715542125,138.400942885661,0.2
20260421_135152_roarm_2_ep02,roarm,roarm_2,44,8.6,232.5,-150,145,228.258618134015,-151.93598996666,143.090633126354,0.2
20260421_135152_roarm_2_ep02,roarm,roarm_2,45,8.8,240,-146.666666666667,150,236.617502922533,-149.354368019961,148.359374799501,0.2
20260421_135152_roarm_2_ep02,roarm,roarm_2,46,9,247.5,-143.333333333333,155,246.531197628186,-145.297214776382,153.044980151186,0.2
20260421_135152_roarm_2_ep02,roarm,roarm_2,47,9.2,255,-140,160,249.465365072468,-142.55810031218,156.773404088259,0.2
20260421_135152_roarm_2_ep02,roarm,roarm_2,48,9.4,262.5,-136.666666666667,165,258.484755560244,-137.431252189846,164.354762136621,0.2
20260421_135152_roarm_2_ep02,roarm,roarm_2,49,9.6,270,-133.333333333333,170,269.66235619884,-134.588859416595,168.191735268345,0.2
20260421_135152_roarm_2_ep02,roarm,roarm_2,50,9.8,277.5,-130,175,276.6602939493,-130.474371426194,173.970612061217,0.2
20260421_135152_roarm_2_ep02,roarm,roarm_2,51,10,285,-126.666666666667,180,283.969095920276,-129.890824504196,178.951034554357,0.2
20260421_135152_roarm_2_ep02,roarm,roarm_2,52,10.2,292.5,-123.333333333333,185,290.113969566243,-126.20224780463,182.711914576824,0.2
20260421_135152_roarm_2_ep02,roarm,roarm_2,53,10.4,300,-120,190,299.316257299332,-122.849501187334,186.842063187285,0.2
20260421_135152_roarm_2_ep02,roarm,roarm_2,54,10.6,300,-120,190,300.141797053094,-117.734962706738,189.19313132723,0.2
20260421_135152_roarm_2_ep02,roarm,roarm_2,55,10.8,298.333333333333,-110,195,299.272488348619,-113.44628484887,195.143541988223,0.2
20260421_135152_roarm_2_ep02,roarm,roarm_2,56,11,296.666666666667,-100,200,297.541036065237,-102.749250319625,197.767783343315,0.2
20260421_135152_roarm_2_ep02,roarm,roarm_2,57,11.2,295,-90,205,296.950874061976,-92.7769472955975,201.937607302113,0.2
20260421_135152_roarm_2_ep02,roarm,roarm_2,58,11.4,293.333333333333,-80,210,294.346516906904,-84.0438646465364,207.984024300138,0.2
20260421_135152_roarm_2_ep02,roarm,roarm_2,59,11.6,291.666666666667,-70,215,291.997238256903,-73.9867750108846,212.117695370126,0.2
20260421_135152_roarm_2_ep02,roarm,roarm_2,60,11.8,290,-60,220,290.041528406526,-62.5370835831796,219.666920237478,0.2
20260421_135152_roarm_2_ep02,roarm,roarm_2,61,12,288.333333333333,-50,225,287.042828776716,-49.7386215742675,225.120293399763,0.2
20260421_135152_roarm_2_ep02,roarm,roarm_2,62,12.2,286.666666666667,-40,230,287.018583172669,-43.0188825701545,228.015069034628,0.2
20260421_135152_roarm_2_ep02,roarm,roarm_2,63,12.4,285,-30,235,286.781248611031,-34.4736480682917,232.696909194458,0.2
20260421_135152_roarm_2_ep02,roarm,roarm_2,64,12.6,283.333333333333,-20,240,285.567619638081,-23.1612959356503,238.971673527314,0.2
20260421_135152_roarm_2_ep02,roarm,roarm_2,65,12.8,281.666666666667,-10,245,283.452044747773,-14.0706256458053,242.897102382074,0.2
20260421_135152_roarm_2_ep02,roarm,roarm_2,66,13,280,0,250,282.104500510511,-4.71576189774299,249.314355558452,0.2
20260421_135152_roarm_2_ep02,roarm,roarm_2,67,13.2,280,0,250,281.740793267789,-0.811479098269738,249.822492202006,0.2
20260421_135152_roarm_2_ep02,roarm,roarm_2,68,13.4,281.666666666667,-10,245,282.23463200779,-2.28791545927909,246.158758480522,0.2
20260421_135152_roarm_2_ep02,roarm,roarm_2,69,13.6,283.333333333333,-20,240,280.708827905869,-12.458491761817,242.23327716305,0.2
20260421_135152_roarm_2_ep02,roarm,roarm_2,70,13.8,285,-30,235,282.896991882187,-21.4501062621054,237.457621580123,0.2
20260421_135152_roarm_2_ep02,roarm,roarm_2,71,14,286.666666666667,-40,230,286.114296708521,-36.2770667957202,230.900877609581,0.2
20260421_135152_roarm_2_ep02,roarm,roarm_2,72,14.2,288.333333333333,-50,225,285.095780581192,-47.0170533846462,225.502352021066,0.2
20260421_135152_roarm_2_ep02,roarm,roarm_2,73,14.4,290,-60,220,289.678894663968,-57.0541747106538,223.219395814845,0.2
20260421_135152_roarm_2_ep02,roarm,roarm_2,74,14.6,291.666666666667,-70,215,293.408569248318,-66.341502027821,216.883845499328,0.2
20260421_135152_roarm_2_ep02,roarm,roarm_2,75,14.8,293.333333333333,-80,210,295.081414017129,-78.1194204717492,212.488260669396,0.2
20260421_135152_roarm_2_ep02,roarm,roarm_2,76,15,295,-90,205,294.017791008859,-87.4687972881488,206.302081654698,0.2
20260421_135152_roarm_2_ep02,roarm,roarm_2,77,15.2,296.666666666667,-100,200,296.831874148919,-97.8639511011392,200.597649485465,0.2
20260421_135152_roarm_2_ep02,roarm,roarm_2,78,15.4,298.333333333333,-110,195,298.767020441255,-107.436115498983,196.837111549392,0.2
20260421_135152_roarm_2_ep02,roarm,roarm_2,79,15.6,300,-120,190,299.14715625404,-116.283884939956,189.237793681277,0.2
20260421_135152_roarm_2_ep02,roarm,roarm_2,80,15.8,300,-120,190,300.473989021423,-116.240101291523,190.838373935578,0.2
20260421_135152_roarm_2_ep03,roarm,roarm_2,81,16,210,-160,130,209.775950773433,-161.049343808123,130.743984043382,0.2
20260421_135152_roarm_2_ep03,roarm,roarm_2,82,16.2,217.5,-156.666666666667,135,219.271486741295,-159.80692919566,134.006466637404,0.2
20260421_135152_roarm_2_ep03,roarm,roarm_2,83,16.4,225,-153.333333333333,140,221.326411569306,-153.08599236155,139.830033258438,0.2
20260421_135152_roarm_2_ep03,roarm,roarm_2,84,16.6,232.5,-150,145,227.060859611649,-147.897932037163,142.552513110533,0.2
20260421_135152_roarm_2_ep03,roarm,roarm_2,85,16.8,240,-146.666666666667,150,236.929508086485,-145.342830890863,148.184052522254,0.2
20260421_135152_roarm_2_ep03,roarm,roarm_2,86,17,247.5,-143.333333333333,155,248.157147302641,-139.734194322156,153.341653476135,0.2
20260421_135152_roarm_2_ep03,roarm,roarm_2,87,17.2,255,-140,160,250.335644299869,-140.477423874086,157.396768900151,0.2
20260421_135152_roarm_2_ep03,roarm,roarm_2,88,17.4,262.5,-136.666666666667,165,258.146380603642,-139.362713582402,163.073998936731,0.2
20260421_135152_roarm_2_ep03,roarm,roarm_2,89,17.6,270,-133.333333333333,170,270.035364334366,-135.9964318013,167.893810279394,0.2
20260421_135152_roarm_2_ep03,roarm,roarm_2,90,17.8,277.5,-130,175,277.282055908236,-129.761410133582,173.612369713799,0.2
20260421_135152_roarm_2_ep03,roarm,roarm_2,91,18,285,-126.666666666667,180,284.504596754568,-126.176343156122,177.934481058707,0.2
20260421_135152_roarm_2_ep03,roarm,roarm_2,92,18.2,292.5,-123.333333333333,185,291.035774127077,-124.53143836629,182.237680907773,0.2
20260421_135152_roarm_2_ep03,roarm,roarm_2,93,18.4,300,-120,190,298.58917390636,-121.093293798659,187.766754357307,0.2
20260421_135152_roarm_2_ep03,roarm,roarm_2,94,18.6,300,-120,190,300.065701461841,-118.806647078579,189.804257409754,0.2
20260421_135152_roarm_2_ep03,roarm,roarm_2,95,18.8,292.5,-96.6666666666667,185,294.786124314218,-102.083024706461,186.317608815827,0.2
20260421_135152_roarm_2_ep03,roarm,roarm_2,96,19,285,-73.3333333333333,180,286.417894996564,-79.731497135396,183.07421055458,0.2
20260421_135152_roarm_2_ep03,roarm,roarm_2,97,19.2,277.5,-50,175,279.049583723423,-54.9454999120688,176.952091247474,0.2
20260421_135152_roarm_2_ep03,roarm,roarm_2,98,19.4,270,-26.6666666666667,170,272.019818826903,-35.4672871674715,171.040214491646,0.2
20260421_135152_roarm_2_ep03,roarm,roarm_2,99,19.6,262.5,-3.33333333333331,165,263.579934961722,-11.2728934190004,168.189209577514,0.2
20260421_135152_roarm_2_ep03,roarm,roarm_2,100,19.8,255,20,160,258.052851677842,13.0378582458811,163.500498730109,0.2
20260421_135152_roarm_2_ep03,roarm,roarm_2,101,20,247.5,43.3333333333333,155,246.532401338344,35.0961938191701,157.59372245234,0.2
20260421_135152_roarm_2_ep03,roarm,roarm_2,102,20.2,240,66.6666666666667,150,242.797802886046,56.3875029170089,150.995814554338,0.2
20260421_135152_roarm_2_ep03,roarm,roarm_2,103,20.4,232.5,90,145,236.400496574263,80.9649849710121,147.133569445074,0.2
20260421_135152_roarm_2_ep03,roarm,roarm_2,104,20.6,225,113.333333333333,140,226.564171062995,102.350425745803,142.641588772138,0.2
20260421_135152_roarm_2_ep03,roarm,roarm_2,105,20.8,217.5,136.666666666667,135,221.679250279151,130.069089592919,135.482111328027,0.2
20260421_135152_roarm_2_ep03,roarm,roarm_2,106,21,210,160,130,211.073338341841,149.899527928482,131.403405782603,0.2
20260421_135152_roarm_2_ep03,roarm,roarm_2,107,21.2,210,160,130,209.359667912447,159.308776681494,128.914867165427,0.2
20260421_135152_roarm_2_ep03,roarm,roarm_2,108,21.4,210,160,130,207.217686463381,160.125752536381,130.906892488857,0.2
20260421_135152_roarm_2_ep03,roarm,roarm_2,109,21.6,210,160,130,208.062355466948,158.134693375344,130.089722911458,0.2
20260421_135152_roarm_2_ep03,roarm,roarm_2,110,21.8,210,160,130,207.034572429021,159.534327031098,130.852037968675,0.2
20260421_135152_roarm_2_ep03,roarm,roarm_2,111,22,210,160,130,209.544929301573,157.013382586205,129.687772948821,0.2
20260421_135152_roarm_2_ep03,roarm,roarm_2,112,22.2,210,160,130,209.426996218585,161.933109393434,130.832549595708,0.2
20260421_135152_roarm_2_ep03,roarm,roarm_2,113,22.4,210,160,130,209.763336769218,162.473605220518,129.174721842358,0.2
20260421_135152_roarm_2_ep03,roarm,roarm_2,114,22.6,210,160,130,209.415216034166,162.770876998051,131.284841968079,0.2
20260421_135152_roarm_2_ep03,roarm,roarm_2,115,22.8,210,160,130,210.941416611996,161.466523654612,129.75255452614,0.2
20260421_135152_roarm_2_ep03,roarm,roarm_2,116,23,210,160,130,211.365504200333,159.144338983626,130.5092948129,0.2
20260421_135152_roarm_2_ep03,roarm,roarm_2,117,23.2,210,160,130,210.782705073261,161.483409608432,129.708380809566,0.2
20260421_135152_roarm_2_ep03,roarm,roarm_2,118,23.4,210,160,130,211.160528654405,161.580789649521,129.024752901881,0.2
20260421_135152_roarm_2_ep03,roarm,roarm_2,119,23.6,210,160,130,210.540279298419,162.812572494493,129.855367366574,0.2
20260421_135152_roarm_2_ep03,roarm,roarm_2,120,23.8,210,160,130,209.679478675026,161.426375473964,129.686774421183,0.2
20260421_135152_roarm_2_ep04,roarm,roarm_2,121,24,210,-160,130,207.496110745138,-160.495215953044,130.670502416226,0.2
20260421_135152_roarm_2_ep04,roarm,roarm_2,122,24.2,217.5,-156.666666666667,135,213.610243976717,-159.589794046803,134.475791908719,0.2
20260421_135152_roarm_2_ep04,roarm,roarm_2,123,24.4,225,-153.333333333333,140,222.916745163987,-154.548446739195,138.939150679151,0.2
20260421_135152_roarm_2_ep04,roarm,roarm_2,124,24.6,232.5,-150,145,228.668037188308,-151.94549011063,143.295705647417,0.2
20260421_135152_roarm_2_ep04,roarm,roarm_2,125,24.8,240,-146.666666666667,150,235.981183330462,-147.560328103641,150.597991938173,0.2
20260421_135152_roarm_2_ep04,roarm,roarm_2,126,25,247.5,-143.333333333333,155,243.740326813726,-143.476384747566,152.805218555706,0.2
20260421_135152_roarm_2_ep04,roarm,roarm_2,127,25.2,255,-140,160,254.041314268836,-142.370075604191,158.312191803188,0.2
20260421_135152_roarm_2_ep04,roarm,roarm_2,128,25.4,262.5,-136.666666666667,165,259.342424616004,-137.402045474497,163.248467070154,0.2
20260421_135152_roarm_2_ep04,roarm,roarm_2,129,25.6,270,-133.333333333333,170,267.124710690126,-129.982195397587,167.590269048271,0.2
20260421_135152_roarm_2_ep04,roarm,roarm_2,130,25.8,277.5,-130,175,274.694784331487,-125.970768491601,171.900125440738,0.2
20260421_135152_roarm_2_ep04,roarm,roarm_2,131,26,285,-126.666666666667,180,283.113072760314,-128.097917512938,178.895535831169,0.2
20260421_135152_roarm_2_ep04,roarm,roarm_2,132,26.2,292.5,-123.333333333333,185,290.516927562633,-123.611076870484,183.112019598978,0.2
20260421_135152_roarm_2_ep04,roarm,roarm_2,133,26.4,300,-120,190,297.868076635552,-118.743099310343,185.909246536546,0.2
20260421_135152_roarm_2_ep04,roarm,roarm_2,134,26.6,300,-120,190,296.988095015068,-119.045481169843,188.266920242439,0.2
20260421_135152_roarm_2_ep04,roarm,roarm_2,135,26.8,300,-120,190,298.761547992585,-121.993769882764,188.638330688453,0.2
20260421_135152_roarm_2_ep04,roarm,roarm_2,136,27,300,-120,190,299.067275277605,-121.614249284231,188.774582841057,0.2
20260421_135152_roarm_2_ep04,roarm,roarm_2,137,27.2,300,-120,190,299.121366261864,-121.83951097795,191.018867261163,0.2
20260421_135152_roarm_2_ep04,roarm,roarm_2,138,27.4,300,-120,190,298.285742592733,-117.757975797855,189.894133887654,0.2
20260421_135152_roarm_2_ep04,roarm,roarm_2,139,27.6,300,-120,190,297.370515573575,-120.33703154808,190.906594958058,0.2
20260421_135152_roarm_2_ep04,roarm,roarm_2,140,27.8,300,-120,190,300.890769315214,-119.848499636406,190.526376156617,0.2
20260421_135152_roarm_2_ep04,roarm,roarm_2,141,28,300,-120,190,301.184162607773,-122.148627741358,189.55704152299,0.2
20260421_135152_roarm_2_ep04,roarm,roarm_2,142,28.2,300,-120,190,297.566917891318,-121.240026743272,190.832512116757,0.2
20260421_135152_roarm_2_ep04,roarm,roarm_2,143,28.4,300,-120,190,300.434808633518,-116.895124592207,190.386175474774,0.2
20260421_135152_roarm_2_ep04,roarm,roarm_2,144,28.6,300,-120,190,296.879878183874,-116.64746476716,191.384075497053,0.2
20260421_135152_roarm_2_ep04,roarm,roarm_2,145,28.8,300,-120,190,298.303598372176,-118.782359586241,191.144289812822,0.2
20260421_135152_roarm_2_ep04,roarm,roarm_2,146,29,300,-120,190,300.129894122189,-118.634483087354,190.188915960661,0.2
20260421_135152_roarm_2_ep04,roarm,roarm_2,147,29.2,300,-120,190,299.976004167475,-119.507920706109,189.260141733358,0.2
20260421_135152_roarm_2_ep04,roarm,roarm_2,148,29.4,292.5,-123.333333333333,185,296.605094231286,-122.315467986491,186.809442016715,0.2
20260421_135152_roarm_2_ep04,roarm,roarm_2,149,29.6,285,-126.666666666667,180,286.776669176458,-127.132556123416,181.703982176577,0.2
20260421_135152_roarm_2_ep04,roarm,roarm_2,150,29.8,277.5,-130,175,279.566145696752,-127.451914272474,177.373214225089,0.2
20260421_135152_roarm_2_ep04,roarm,roarm_2,151,30,270,-133.333333333333,170,273.332380272205,-133.950417229654,170.97586436074,0.2
20260421_135152_roarm_2_ep04,roarm,roarm_2,152,30.2,262.5,-136.666666666667,165,265.658461446061,-136.472488048289,167.865308733414,0.2
20260421_135152_roarm_2_ep04,roarm,roarm_2,153,30.4,255,-140,160,259.821270662218,-139.941354478961,162.948408474516,0.2
20260421_135152_roarm_2_ep04,roarm,roarm_2,154,30.6,247.5,-143.333333333333,155,252.841026514909,-141.957739581842,158.718560184877,0.2
20260421_135152_roarm_2_ep04,roarm,roarm_2,155,30.8,240,-146.666666666667,150,244.978507803461,-145.104249106459,153.174990715189,0.2
20260421_135152_roarm_2_ep04,roarm,roarm_2,156,31,232.5,-150,145,236.080909461884,-149.331832315187,147.513362891042,0.2
20260421_135152_roarm_2_ep04,roarm,roarm_2,157,31.2,225,-153.333333333333,140,227.975230023938,-152.825495868916,143.751520522722,0.2
20260421_135152_roarm_2_ep04,roarm,roarm_2,158,31.4,217.5,-156.666666666667,135,220.593150256987,-151.558578660064,137.010710380603,0.2
20260421_135152_roarm_2_ep04,roarm,roarm_2,159,31.6,210,-160,130,213.638767419274,-155.400934498593,134.577233315696,0.2
20260421_135152_roarm_2_ep04,roarm,roarm_2,160,31.8,210,-160,130,211.414515099251,-159.973087213719,132.009925835012,0.2
20260421_135152_roarm_2_ep05,roarm,roarm_2,161,32,250,0,220,250.086318959554,0.980789671341898,222.158839589022,0.2
20260421_135152_roarm_2_ep05,roarm,roarm_2,162,32.2,254.166666666667,-10,217.5,253.32623810328,-7.55629995529957,218.228022005137,0.2
20260421_135152_roarm_2_ep05,roarm,roarm_2,163,32.4,258.333333333333,-20,215,258.088184431276,-14.713943190083,217.976577309186,0.2
20260421_135152_roarm_2_ep05,roarm,roarm_2,164,32.6,262.5,-30,212.5,261.418126718846,-25.7260852947832,213.310903364901,0.2
20260421_135152_roarm_2_ep05,roarm,roarm_2,165,32.8,266.666666666667,-40,210,267.701153796208,-36.3506100202775,210.399507508234,0.2
20260421_135152_roarm_2_ep05,roarm,roarm_2,166,33,270.833333333333,-50,207.5,273.284060951568,-45.1872382049102,208.980644685393,0.2
20260421_135152_roarm_2_ep05,roarm,roarm_2,167,33.2,275,-60,205,273.039326675957,-55.444418463376,206.56943013955,0.2
20260421_135152_roarm_2_ep05,roarm,roarm_2,168,33.4,279.166666666667,-70,202.5,275.913150604841,-66.5018820410396,203.167768361998,0.2
20260421_135152_roarm_2_ep05,roarm,roarm_2,169,33.6,283.333333333333,-80,200,282.169183224937,-77.9523790322423,201.924041445041,0.2
20260421_135152_roarm_2_ep05,roarm,roarm_2,170,33.8,287.5,-90,197.5,288.772124021706,-87.2799133719755,198.657468032324,0.2
20260421_135152_roarm_2_ep05,roarm,roarm_2,171,34,291.666666666667,-100,195,291.663626049104,-94.8421435852407,196.486115835769,0.2
20260421_135152_roarm_2_ep05,roarm,roarm_2,172,34.2,295.833333333333,-110,192.5,295.329779564876,-106.728648689579,193.31923153202,0.2
20260421_135152_roarm_2_ep05,roarm,roarm_2,173,34.4,300,-120,190,299.689021077432,-113.977433971147,191.443333506424,0.2
20260421_135152_roarm_2_ep05,roarm,roarm_2,174,34.6,300,-120,190,298.108982964623,-117.762878247236,190.28833783314,0.2
20260421_135152_roarm_2_ep05,roarm,roarm_2,175,34.8,292.5,-123.333333333333,185,293.612429450266,-122.193760309206,185.514224001816,0.2
20260421_135152_roarm_2_ep05,roarm,roarm_2,176,35,285,-126.666666666667,180,286.78900526768,-126.664244292414,181.088571137869,0.2
20260421_135152_roarm_2_ep05,roarm,roarm_2,177,35.2,277.5,-130,175,280.124461063093,-128.85919480887,176.389273514113,0.2
20260421_135152_roarm_2_ep05,roarm,roarm_2,178,35.4,270,-133.333333333333,170,272.439861741758,-132.103430892956,172.142476418459,0.2
20260421_135152_roarm_2_ep05,roarm,roarm_2,179,35.6,262.5,-136.666666666667,165,267.042565939715,-134.533675698832,166.596062480504,0.2
20260421_135152_roarm_2_ep05,roarm,roarm_2,180,35.8,255,-140,160,259.071409488656,-138.927391571229,159.957966017566,0.2
20260421_135152_roarm_2_ep05,roarm,roarm_2,181,36,247.5,-143.333333333333,155,247.029331581757,-144.742332642372,156.069778392138,0.2
20260421_135152_roarm_2_ep05,roarm,roarm_2,182,36.2,240,-146.666666666667,150,240.92347296557,-147.23965829457,151.640633386797,0.2
20260421_135152_roarm_2_ep05,roarm,roarm_2,183,36.4,232.5,-150,145,233.731931223844,-150.21815437547,147.360077047217,0.2
20260421_135152_roarm_2_ep05,roarm,roarm_2,184,36.6,225,-153.333333333333,140,228.475214536577,-148.857304538208,142.242502662495,0.2
20260421_135152_roarm_2_ep05,roarm,roarm_2,185,36.8,217.5,-156.666666666667,135,220.480514922881,-155.469342102686,136.713890573578,0.2
20260421_135152_roarm_2_ep05,roarm,roarm_2,186,37,210,-160,130,212.686836823362,-161.43939410558,131.512404717235,0.2
20260421_135152_roarm_2_ep05,roarm,roarm_2,187,37.2,210,-160,130,211.832555325279,-161.235566630351,130.892898931089,0.2
20260421_135152_roarm_2_ep05,roarm,roarm_2,188,37.4,215.833333333333,-146.666666666667,140,216.265900358412,-148.891276832437,138.376236019911,0.2
20260421_135152_roarm_2_ep05,roarm,roarm_2,189,37.6,221.666666666667,-133.333333333333,150,216.853279596882,-138.280927751359,147.837500515809,0.2
20260421_135152_roarm_2_ep05,roarm,roarm_2,190,37.8,227.5,-120,160,225.285568268772,-124.81151860178,157.230918571661,0.2
20260421_135152_roarm_2_ep05,roarm,roarm_2,191,38,233.333333333333,-106.666666666667,170,232.907074574082,-111.21894159666,165.87547952238,0.2
20260421_135152_roarm_2_ep05,roarm,roarm_2,192,38.2,239.166666666667,-93.3333333333333,180,237.246411459605,-98.3596128641672,177.173562112776,0.2
20260421_135152_roarm_2_ep05,roarm,roarm_2,193,38.4,245,-80,190,243.574637803686,-84.018261877063,186.766822724258,0.2
20260421_135152_roarm_2_ep05,roarm,roarm_2,194,38.6,250.833333333333,-66.6666666666667,200,248.376561232219,-71.1487855633388,196.728477892457,0.2
20260421_135152_roarm_2_ep05,roarm,roarm_2,195,38.8,256.666666666667,-53.3333333333333,210,252.384234979792,-57.7611299959208,207.429248972218,0.2
20260421_135152_roarm_2_ep05,roarm,roarm_2,196,39,262.5,-40,220,259.668246387258,-42.3231862184666,217.246876619107,0.2
20260421_135152_roarm_2_ep05,roarm,roarm_2,197,39.2,268.333333333333,-26.6666666666667,230,265.418724304383,-31.0245984978727,226.363114581338,0.2
20260421_135152_roarm_2_ep05,roarm,roarm_2,198,39.4,274.166666666667,-13.3333333333333,240,272.222414777736,-16.8646706097354,236.113446131044,0.2
20260421_135152_roarm_2_ep05,roarm,roarm_2,199,39.6,280,0,250,278.637518863926,-1.812545960374,247.271034733395,0.2
20260421_135152_roarm_2_ep05,roarm,roarm_2,200,39.8,280,0,250,280.878750533939,-1.69999262877872,248.746448386721,0.2
20260421_135152_roarm_2_ep06,roarm,roarm_2,201,40,210,160,130,207.072770972747,160.37338510829,130.548471853835,0.2
20260421_135152_roarm_2_ep06,roarm,roarm_2,202,40.2,217.5,136.666666666667,135,213.617053306267,143.522177041196,133.032737045148,0.2
20260421_135152_roarm_2_ep06,roarm,roarm_2,203,40.4,225,113.333333333333,140,223.289162621807,121.391329953674,136.524062030903,0.2
20260421_135152_roarm_2_ep06,roarm,roarm_2,204,40.6,232.5,90,145,226.434924757401,97.8489198479809,143.911573307468,0.2
20260421_135152_roarm_2_ep06,roarm,roarm_2,205,40.8,240,66.6666666666667,150,236.696038922045,74.967594708078,149.082861802496,0.2
20260421_135152_roarm_2_ep06,roarm,roarm_2,206,41,247.5,43.3333333333333,155,242.561995826561,53.8100827024014,152.546408147444,0.2
20260421_135152_roarm_2_ep06,roarm,roarm_2,207,41.2,255,20,160,251.778024745941,28.3668871075253,158.184811001444,0.2
20260421_135152_roarm_2_ep06,roarm,roarm_2,208,41.4,262.5,-3.33333333333334,165,256.756940848839,7.30859639431944,163.749345852326,0.2
20260421_135152_roarm_2_ep06,roarm,roarm_2,209,41.6,270,-26.6666666666667,170,269.524058749639,-15.5858785657747,168.363826120877,0.2
20260421_135152_roarm_2_ep06,roarm,roarm_2,210,41.8,277.5,-50,175,273.988990731005,-43.5368986611928,173.267694528994,0.2
20260421_135152_roarm_2_ep06,roarm,roarm_2,211,42,285,-73.3333333333333,180,282.426268109302,-63.9103475125008,177.274400890952,0.2
20260421_135152_roarm_2_ep06,roarm,roarm_2,212,42.2,292.5,-96.6666666666667,185,291.03678923776,-87.9250499675921,182.189867282353,0.2
20260421_135152_roarm_2_ep06,roarm,roarm_2,213,42.4,300,-120,190,298.798566060139,-111.146652889284,187.706165836401,0.2
20260421_135152_roarm_2_ep06,roarm,roarm_2,214,42.6,300,-120,190,302.499243789256,-116.752423935208,189.28507800016,0.2
20260421_135152_roarm_2_ep06,roarm,roarm_2,215,42.8,295.833333333333,-110,192.5,298.006634459817,-111.649350752957,191.826148813014,0.2
20260421_135152_roarm_2_ep06,roarm,roarm_2,216,43,291.666666666667,-100,195,294.018250762744,-103.976012565868,193.36635798231,0.2
20260421_135152_roarm_2_ep06,roarm,roarm_2,217,43.2,287.5,-90,197.5,289.75916559282,-90.85639939862,196.103561963489,0.2
20260421_135152_roarm_2_ep06,roarm,roarm_2,218,43.4,283.333333333333,-80,200,283.508078385541,-83.2195340736891,198.488895273449,0.2
20260421_135152_roarm_2_ep06,roarm,roarm_2,219,43.6,279.166666666667,-70,202.5,279.820033588612,-72.7713543730716,201.312679382256,0.2
20260421_135152_roarm_2_ep06,roarm,roarm_2,220,43.8,275,-60,205,275.379017137093,-64.032142827761,202.705503190105,0.2
20260421_135152_roarm_2_ep06,roarm,roarm_2,221,44,270.833333333333,-50,207.5,270.74228082545,-55.818334449743,205.720198461845,0.2
20260421_135152_roarm_2_ep06,roarm,roarm_2,222,44.2,266.666666666667,-40,210,266.113339749903,-45.230405576851,208.570202017084,0.2
20260421_135152_roarm_2_ep06,roarm,roarm_2,223,44.4,262.5,-30,212.5,261.651805261414,-34.0437347217639,211.80448706252,0.2
20260421_135152_roarm_2_ep06,roarm,roarm_2,224,44.6,258.333333333333,-20,215,257.763226563194,-22.0310044021426,212.571566508844,0.2
20260421_135152_roarm_2_ep06,roarm,roarm_2,225,44.8,254.166666666667,-10,217.5,254.527017573915,-15.3983676635326,215.856251868166,0.2
20260421_135152_roarm_2_ep06,roarm,roarm_2,226,45,250,0,220,249.207435018089,-4.92121807401345,218.167013123767,0.2
20260421_135152_roarm_2_ep06,roarm,roarm_2,227,45.2,250,0,220,248.013579327265,-4.39450905507438,220.081889717474,0.2
20260421_135152_roarm_2_ep06,roarm,roarm_2,228,45.4,254.166666666667,10,217.5,255.544944003314,9.54064018885229,217.688401154573,0.2
20260421_135152_roarm_2_ep06,roarm,roarm_2,229,45.6,258.333333333333,20,215,257.529317484245,16.5443221785062,215.784602282578,0.2
20260421_135152_roarm_2_ep06,roarm,roarm_2,230,45.8,262.5,30,212.5,259.811587848126,23.5739220401121,213.329368618526,0.2
20260421_135152_roarm_2_ep06,roarm,roarm_2,231,46,266.666666666667,40,210,263.021998932388,32.8164813826163,213.251860590411,0.2
20260421_135152_roarm_2_ep06,roarm,roarm_2,232,46.2,270.833333333333,50,207.5,268.424269369743,46.0762947786379,210.208642589811,0.2
20260421_135152_roarm_2_ep06,roarm,roarm_2,233,46.4,275,60,205,270.739517952033,56.9494739466068,206.874728499431,0.2
20260421_135152_roarm_2_ep06,roarm,roarm_2,234,46.6,279.166666666667,70,202.5,277.06989090076,66.7966157593809,203.125223398184,0.2
20260421_135152_roarm_2_ep06,roarm,roarm_2,235,46.8,283.333333333333,80,200,282.766898883098,75.2447132226195,200.0274158929,0.2
20260421_135152_roarm_2_ep06,roarm,roarm_2,236,47,287.5,90,197.5,287.340374447864,88.6403653488781,197.779825426699,0.2
20260421_135152_roarm_2_ep06,roarm,roarm_2,237,47.2,291.666666666667,100,195,289.768650798659,97.6177436578619,196.805110168801,0.2
20260421_135152_roarm_2_ep06,roarm,roarm_2,238,47.4,295.833333333333,110,192.5,295.686674710335,107.141290963926,193.00040818418,0.2
20260421_135152_roarm_2_ep06,roarm,roarm_2,239,47.6,300,120,190,299.807664568375,116.491630467301,192.167848176141,0.2
20260421_135152_roarm_2_ep06,roarm,roarm_2,240,47.8,300,120,190,297.836982195765,119.28705135669,191.861157970041,0.2
